Y,X,id,
5.33469724544027,13.0256336559457,"1"
5.31724397918854,13.0145627442248,"2"
5.31816258449969,13.0320916877829,"3"
5.48440733356101,12.9075439309229,"4"
5.46236646346553,12.9093890828764,"5"
5.47338700006849,12.9195374186205,"6"
4.81182121891802,13.4364722069023,"7"
